{
	"credit": "Made with Blockbench",
	"parent": "block",
	"textures": {
		"0": "custom/lights",
		"particle": "custom/lights"
	},
	"elements": [
		{
			"from": [12.5, 0, 11],
			"to": [14.5, 2, 13],
			"rotation": {"angle": 0, "axis": "y", "origin": [21.5, 8, 19]},
			"faces": {
				"north": {"uv": [0, 0, 2, 2], "texture": "#0"},
				"east": {"uv": [0, 0, 2, 2], "texture": "#0"},
				"south": {"uv": [0, 0, 2, 2], "texture": "#0"},
				"west": {"uv": [0, 0, 2, 2], "texture": "#0"},
				"up": {"uv": [0, 0, 2, 2], "texture": "#0"},
				"down": {"uv": [0, 0, 2, 2], "texture": "#0"}
			}
		},
		{
			"from": [7, 0, 11],
			"to": [9, 2, 13],
			"rotation": {"angle": 0, "axis": "y", "origin": [16, 8, 19]},
			"faces": {
				"north": {"uv": [13, 3, 15, 5], "texture": "#0"},
				"east": {"uv": [10, 2, 12, 4], "texture": "#0"},
				"south": {"uv": [10, 1, 12, 3], "texture": "#0"},
				"west": {"uv": [10, 1, 12, 3], "texture": "#0"},
				"up": {"uv": [13, 1, 15, 3], "texture": "#0"},
				"down": {"uv": [11, 4, 13, 6], "texture": "#0"}
			}
		},
		{
			"from": [1.75, 0, 11],
			"to": [3.75, 2, 13],
			"rotation": {"angle": 0, "axis": "y", "origin": [10.75, 8, 19]},
			"faces": {
				"north": {"uv": [5, 10, 7, 12], "texture": "#0"},
				"east": {"uv": [9, 11, 11, 13], "texture": "#0"},
				"south": {"uv": [1, 9, 3, 11], "texture": "#0"},
				"west": {"uv": [1, 8, 3, 10], "texture": "#0"},
				"up": {"uv": [6, 10, 8, 12], "texture": "#0"},
				"down": {"uv": [10, 9, 12, 11], "texture": "#0"}
			}
		},
		{
			"from": [19.25, 0, 15],
			"to": [20.25, 1, 18],
			"rotation": {"angle": 22.5, "axis": "y", "origin": [12.25, 8, 25]},
			"faces": {
				"north": {"uv": [7, 15, 8, 16], "texture": "#0"},
				"east": {"uv": [6, 15, 9, 16], "texture": "#0"},
				"south": {"uv": [5, 15, 6, 16], "texture": "#0"},
				"west": {"uv": [4, 15, 7, 16], "texture": "#0"},
				"up": {"uv": [5, 15, 8, 16], "rotation": 90, "texture": "#0"},
				"down": {"uv": [11, 15, 14, 16], "rotation": 270, "texture": "#0"}
			}
		},
		{
			"from": [10.25, 0, 14.8],
			"to": [12.25, 1, 15.8],
			"rotation": {"angle": -22.5, "axis": "y", "origin": [19.25, 8, 22.8]},
			"faces": {
				"north": {"uv": [4, 15, 6, 16], "texture": "#0"},
				"east": {"uv": [12, 14, 13, 15], "texture": "#0"},
				"south": {"uv": [14, 15, 16, 16], "texture": "#0"},
				"west": {"uv": [0, 13, 1, 14], "texture": "#0"},
				"up": {"uv": [1, 15, 3, 16], "texture": "#0"},
				"down": {"uv": [8, 15, 10, 16], "texture": "#0"}
			}
		},
		{
			"from": [8, 0, 9.5],
			"to": [9, 1, 12.5],
			"rotation": {"angle": -22.5, "axis": "y", "origin": [1, 8, 19.5]},
			"faces": {
				"north": {"uv": [7, 15, 8, 16], "texture": "#0"},
				"east": {"uv": [6, 15, 9, 16], "texture": "#0"},
				"south": {"uv": [5, 15, 6, 16], "texture": "#0"},
				"west": {"uv": [4, 15, 7, 16], "texture": "#0"},
				"up": {"uv": [5, 15, 8, 16], "rotation": 90, "texture": "#0"},
				"down": {"uv": [11, 15, 14, 16], "rotation": 270, "texture": "#0"}
			}
		},
		{
			"from": [13.75, 0, 8.8],
			"to": [15.75, 1, 9.8],
			"rotation": {"angle": 22.5, "axis": "y", "origin": [22.75, 8, 16.8]},
			"faces": {
				"north": {"uv": [4, 15, 6, 16], "texture": "#0"},
				"east": {"uv": [12, 14, 13, 15], "texture": "#0"},
				"south": {"uv": [14, 15, 16, 16], "texture": "#0"},
				"west": {"uv": [0, 13, 1, 14], "texture": "#0"},
				"up": {"uv": [1, 15, 3, 16], "texture": "#0"},
				"down": {"uv": [8, 15, 10, 16], "texture": "#0"}
			}
		},
		{
			"from": [13.75, 0, 15],
			"to": [14.75, 1, 18],
			"rotation": {"angle": 22.5, "axis": "y", "origin": [6.75, 8, 25]},
			"faces": {
				"north": {"uv": [7, 15, 8, 16], "texture": "#0"},
				"east": {"uv": [6, 15, 9, 16], "texture": "#0"},
				"south": {"uv": [5, 15, 6, 16], "texture": "#0"},
				"west": {"uv": [4, 15, 7, 16], "texture": "#0"},
				"up": {"uv": [5, 15, 8, 16], "rotation": 90, "texture": "#0"},
				"down": {"uv": [11, 15, 14, 16], "rotation": 270, "texture": "#0"}
			}
		},
		{
			"from": [4.75, 0, 14.8],
			"to": [6.75, 1, 15.8],
			"rotation": {"angle": -22.5, "axis": "y", "origin": [13.75, 8, 22.8]},
			"faces": {
				"north": {"uv": [4, 15, 6, 16], "texture": "#0"},
				"east": {"uv": [12, 14, 13, 15], "texture": "#0"},
				"south": {"uv": [14, 15, 16, 16], "texture": "#0"},
				"west": {"uv": [0, 13, 1, 14], "texture": "#0"},
				"up": {"uv": [1, 15, 3, 16], "texture": "#0"},
				"down": {"uv": [8, 15, 10, 16], "texture": "#0"}
			}
		},
		{
			"from": [2.25, 0, 9.5],
			"to": [3.25, 1, 12.5],
			"rotation": {"angle": -22.5, "axis": "y", "origin": [-4.75, 8, 19.5]},
			"faces": {
				"north": {"uv": [7, 15, 8, 16], "texture": "#0"},
				"east": {"uv": [6, 15, 9, 16], "texture": "#0"},
				"south": {"uv": [5, 15, 6, 16], "texture": "#0"},
				"west": {"uv": [4, 15, 7, 16], "texture": "#0"},
				"up": {"uv": [5, 15, 8, 16], "rotation": 90, "texture": "#0"},
				"down": {"uv": [11, 15, 14, 16], "rotation": 270, "texture": "#0"}
			}
		},
		{
			"from": [8, 0, 8.8],
			"to": [10, 1, 9.8],
			"rotation": {"angle": 22.5, "axis": "y", "origin": [17, 8, 16.8]},
			"faces": {
				"north": {"uv": [4, 15, 6, 16], "texture": "#0"},
				"east": {"uv": [12, 14, 13, 15], "texture": "#0"},
				"south": {"uv": [14, 15, 16, 16], "texture": "#0"},
				"west": {"uv": [0, 13, 1, 14], "texture": "#0"},
				"up": {"uv": [1, 15, 3, 16], "texture": "#0"},
				"down": {"uv": [8, 15, 10, 16], "texture": "#0"}
			}
		},
		{
			"from": [8, 0, 15],
			"to": [9, 1, 18],
			"rotation": {"angle": 22.5, "axis": "y", "origin": [1, 8, 25]},
			"faces": {
				"north": {"uv": [7, 15, 8, 16], "texture": "#0"},
				"east": {"uv": [6, 15, 9, 16], "texture": "#0"},
				"south": {"uv": [5, 15, 6, 16], "texture": "#0"},
				"west": {"uv": [4, 15, 7, 16], "texture": "#0"},
				"up": {"uv": [5, 15, 8, 16], "rotation": 90, "texture": "#0"},
				"down": {"uv": [11, 15, 14, 16], "rotation": 270, "texture": "#0"}
			}
		},
		{
			"from": [-1, 0, 14.8],
			"to": [1, 1, 15.8],
			"rotation": {"angle": -22.5, "axis": "y", "origin": [8, 8, 22.8]},
			"faces": {
				"north": {"uv": [4, 15, 6, 16], "texture": "#0"},
				"east": {"uv": [12, 14, 13, 15], "texture": "#0"},
				"south": {"uv": [14, 15, 16, 16], "texture": "#0"},
				"west": {"uv": [0, 13, 1, 14], "texture": "#0"},
				"up": {"uv": [1, 15, 3, 16], "texture": "#0"},
				"down": {"uv": [8, 15, 10, 16], "texture": "#0"}
			}
		},
		{
			"from": [-2.75, 0, 9.5],
			"to": [-1.75, 1, 12.5],
			"rotation": {"angle": -22.5, "axis": "y", "origin": [-9.75, 8, 19.5]},
			"faces": {
				"north": {"uv": [7, 15, 8, 16], "texture": "#0"},
				"east": {"uv": [6, 15, 9, 16], "texture": "#0"},
				"south": {"uv": [5, 15, 6, 16], "texture": "#0"},
				"west": {"uv": [4, 15, 7, 16], "texture": "#0"},
				"up": {"uv": [5, 15, 8, 16], "rotation": 90, "texture": "#0"},
				"down": {"uv": [11, 15, 14, 16], "rotation": 270, "texture": "#0"}
			}
		},
		{
			"from": [3, 0, 8.8],
			"to": [5, 1, 9.8],
			"rotation": {"angle": 22.5, "axis": "y", "origin": [12, 8, 16.8]},
			"faces": {
				"north": {"uv": [4, 15, 6, 16], "texture": "#0"},
				"east": {"uv": [12, 14, 13, 15], "texture": "#0"},
				"south": {"uv": [14, 15, 16, 16], "texture": "#0"},
				"west": {"uv": [0, 13, 1, 14], "texture": "#0"},
				"up": {"uv": [1, 15, 3, 16], "texture": "#0"},
				"down": {"uv": [8, 15, 10, 16], "texture": "#0"}
			}
		}
	],
	"gui_light": "front",
	"overrides": [
		{
			"predicate": {
				"blocking": 1
			},
			"model": "item/shield_blocking"
		}
	],
	"display": {
		"thirdperson_righthand": {
			"translation": [-6, 8, -5]
		},
		"thirdperson_lefthand": {
			"translation": [-6, 8, -5]
		},
		"firstperson_righthand": {
			"rotation": [0, 180, 5],
			"translation": [16.5, -1.5, -10],
			"scale": [1.25, 1.25, 1.25]
		},
		"firstperson_lefthand": {
			"rotation": [0, 180, 5],
			"translation": [18.5, -1, -10],
			"scale": [1.25, 1.25, 1.25]
		},
		"ground": {
			"translation": [-1, 5.5, -5.5]
		},
		"gui": {
			"rotation": [15, -25, -5],
			"translation": [2, 3, 0],
			"scale": [0.65, 0.65, 0.65]
		},
		"fixed": {
			"rotation": [90, -180, -180],
			"translation": [-0.5, 0.75, -14.5],
			"scale": [1.94, 1.94, 1.94]
		}
	},
	"groups": [0, 1, 2,
		{
			"name": "group",
			"origin": [21, 8, 19],
			"children": [3, 4]
		},
		{
			"name": "group",
			"origin": [21, 8, 19],
			"children": [5, 6]
		},
		{
			"name": "group",
			"origin": [21, 8, 19],
			"children": [7, 8]
		},
		{
			"name": "group",
			"origin": [21, 8, 19],
			"children": [9, 10]
		},
		{
			"name": "group",
			"origin": [21, 8, 19],
			"children": [11, 12]
		},
		{
			"name": "group",
			"origin": [21, 8, 19],
			"children": [13, 14]
		}
	]
}